model,STM,reasoning,verbal,processing_speed,overall
"('F1',)",0.0554712231014797,0.26565830255794787,9.759192583429757,12.746942427097611,13.124803081170638
"('F2',)",0.04841777867307326,0.08348355577682967,0.04682763151563614,0.08147172206327924,0.08726539381139604
"('WHO_COVID_severity',)",0.11577236390206712,0.21400994086190678,1.1485343042191631,0.1355650229408224,0.17423141483285182
"('age',)",0.05028378392309328,0.050486412804546785,0.28724376806938423,0.04593399318703373,0.07224321454909707
"('sex',)",0.05079273817904529,0.1825748213427477,0.046290314022381686,0.09199445911094259,0.07773781895596446
"('post_secondary',)",0.04720734848727261,0.04596389775191811,0.04588829055772536,0.2851822985435081,0.047605855519701236
"('SES',)",0.07300924088946792,0.7313873580111437,0.1649467520126327,0.22763682310524136,0.13189529635054947
